<wex-definition>
    <meta>
        <group-id>${groupId}</group-id>   
        <artifact-id>${artifactId}</artifact-id>
        <display-name>${display-name}</display-name>
        <system>false</system>   
        <description></description>
    </meta>
   <build>
        <version>
            <major>${major}</major>
            <minor>${minor}</minor>
            <beta>${beta}</beta>
            <revision>${revision}</revision>
        </version>
        <host>
            <release>${wex.wt}</release>
        </host>
    </build>
    <additional>
        <trial/>
        <timestamp>0</timestamp>
        <expires>0</expires>
        <client-id/>
        <client-name/>
        <user-id/>
    </additional>

</wex-definition>